{
  "containers": [
    {
      "prettyName": "PHP 5.2 FPM WordPress 4.1",
      "image": "dockunit/prebuilt-images:php-mysql-phpunit-5.2-fpm",
      "beforeScripts": [
        "service mysql start",
        "bash bin/install-wp-tests.sh wordpress_test root '' localhost 4.1"
      ],
      "testCommand": "phpunit"
    },
    {
      "prettyName": "PHP 5.6 FPM WordPress 4.0",
      "image": "dockunit/prebuilt-images:php-mysql-phpunit-5.6-fpm",
      "beforeScripts": [
        "service mysql start",
        "bash bin/install-wp-tests.sh wordpress_test2 root '' localhost 4.0"
      ],
      "testCommand": "phpunit"
    },
    {
      "prettyName": "PHP 7.0 RC-1",
      "image": "dockunit/prebuilt-images:php-mysql-phpunit-7.0-rc-1-fpm",
      "beforeScripts": [
        "service mysql start",
        "bash bin/install-wp-tests.sh wordpress_test3 root '' localhost 3.9"
      ],
      "testCommand": "phpunit"
    }
  ]
}
